<?xml version="1.0" encoding="UTF-8"?>

<books>
    <book>
        <title>이것이 자바다</title>
        <author>신용권</author>
        <price>36,000원</price>
    </book>
    
    <book>
        <title>Do it! 오라클로 배우는 데이터베이스 입문</title>
        <author>이지훈</author>
        <price>25,000원</price>
    </book>
    
    <book>
        <title>Do it! HTML + CSS 웹 표준의 정석</title>
        <author>고경희</author>
        <price>26,000원</price>
    </book>
    
    <book>
        <title>최범균의 JSP 2.3 웹 프로그래밍</title>
        <author>최범균</author>
        <price>27,000원</price>
    </book>
    
    <book>
        <title>코드로 배우는 스프링 웹 프로젝트</title>
        <author>구멍가게 코딩단</author>
        <price>38,000원</price>
    </book>
</books>