<?xml version="1.0" encoding="UTF-8"?>

<!DOCTYPE mapper
  PUBLIC "-//mybatis.org//DTD Mapper 3.0//EN"
  "https://mybatis.org/dtd/mybatis-3-mapper.dtd">
  
<mapper namespace="dao">
    <select id="cnt" resultType="int">
        select count(*) from board
    </select>
    
    <select id="list" parameterType="page" resultType="board">
        <![CDATA[
        select * from 
            (select row_number()
                over(order by board_no desc) rnum, b.* from board b)
                   where rnum >= #{startNo} and rnum <= #{endNo} 
        ]]>
    </select>
    
    <!-- 
                일반적으로 DB 작업을 하다 보면 먼저 사전에 어떤 값을 가져와서 해당 값을
                증가시킨 후 DB에 저장하거나, 혹은 입력된 후에 증가값을 가져올 필요가
                있는 경우가 많이 발생을 함.
                이런 경우에는 MyBatis에서 제공하는 selectKey 라는 태그를 이용하여
                별도의 쿼리 로직을 사용할 필요 없이 일괄 처리 작업을 할 수  있게 해줌.
                * keyProperty 속성 : 해당 결과 값이 들어갈 DTO 객체의
                                                                               멤버변수명을 작성하면 됨.
                * order 속성 : 해당 쿼리문의 실행 순서를 의미함.
                
                - BEFORE : 원래 실행할 쿼리문 이전에 selectKey
                                                             태그가 실행이 됨.
                - AFTER : 원래 실행할 쿼리문 이후에 selectKey
                                                           태그가 실행이 됨.    
                       ※ 주의사항 : 반드시 멤버변수에 해당하는 setter()와 getter() 메서드가
                                       정의되어 있어야 함.
     -->
    
    <insert id="add" parameterType="board">
	    <selectKey resultType="int"
	               keyProperty="board_no" order="BEFORE">
	        select max(board_no) from board
	    </selectKey>
		insert into board values(
			#{board_no} + 1,
			#{board_writer}, #{board_title}, #{board_cont}, #{board_pwd},
			default, sysdate, '')
	</insert>
	
	<select id="cont" parameterType="int" 
							resultType="board">
		select * from board where board_no = #{board_no}
	</select>
	
	<update id="count" parameterType="int">
		update board set board_hit = board_hit + 1 
		where board_no = #{board_no}
	</update>
	
	<update id="mod" parameterType="board">
		update board set board_title = #{board_title}, board_cont = #{board_cont},
		board_redate = sysdate where board_no = #{board_no}
	</update>
	
	
	<delete id="del" parameterType="int">
		delete from board where board_no = #{board_no}
	</delete>
	
	<update id="seq" parameterType="int">
		<![CDATA[
			update board set board_no = board_no - 1 where board_no > #{board_no}
		]]>
	</update>
	
	<select id="Count1" parameterType="map" resultType="int">
	    select count(*) from board
	    
	    <if test="Field == 'title'">
	        where board_title
	    </if>
	    
	    <if test="Field == 'cont'">
	        where board_cont
	    </if>
	    
	    <if test="Field == 'writer'">
	        where board_writer
	    </if>
	    
	    like '%' || #{Keyword} || '%'
	</select>
	
	<select id="search" parameterType="page" resultType="board">
		    
        select * from 
            (select row_number()
                over(order by board_no desc) rnum, b.* from board b
                
                <choose>
                    <when test="field == 'title'">
                        where board_title
                    </when>
                    
                    <when test="field == 'cont'">
                        where board_cont
                    </when>
                    
                    <when test="field == 'writer'">
                        where board_writer
                    </when>
                </choose>
        <![CDATA[
                 
                like '%' || #{keyword} || '%')
                where rnum >= #{startNo} and rnum <= #{endNo}
                                                    
        ]]>
	</select>
</mapper>