<?xml version="1.0" encoding="UTF-8"?>
<beans xmlns="http://www.springframework.org/schema/beans"
	xmlns:xsi="http://www.w3.org/2001/XMLSchema-instance"
	xmlns:aop="http://www.springframework.org/schema/aop"
	xsi:schemaLocation="http://www.springframework.org/schema/beans http://www.springframework.org/schema/beans/spring-beans.xsd
		http://www.springframework.org/schema/aop http://www.springframework.org/schema/aop/spring-aop-3.1.xsd">

    <bean id="boy" class="com.spring.aop01.Boy" />
    
    <bean id="girl" class="com.spring.aop01.Girl" />
    
    <bean id="myaspect" class="com.spring.aop01.MyAspect" />
    
    <!-- AOP 설정 작업 -->
    <aop:config>
        
        <!-- 공통관심사항이 있는 클래스를 설정하는 태그. -->
        <aop:aspect ref="myaspect">
        
           <aop:pointcut id="myPointcut" expression="execution(* com.spring..*.do*(..))"/>
           
           <aop:before method="before" pointcut-ref="myPointcut" />
           
           <aop:after-returning method="after_returning" pointcut-ref="myPointcut"/>
           
           <aop:after-throwing method="after_throwing" pointcut-ref="myPointcut"/>
           
           <aop:after method="after" pointcut-ref="myPointcut"/>
        </aop:aspect>
    </aop:config>
</beans>
