<?xml version="1.0" encoding="UTF-8"?>
<beans xmlns="http://www.springframework.org/schema/beans"
	xmlns:xsi="http://www.w3.org/2001/XMLSchema-instance"
	xsi:schemaLocation="http://www.springframework.org/schema/beans http://www.springframework.org/schema/beans/spring-beans.xsd">

	
	<bean id="player" class="com.spring.di05.Player">
		<property name="name" value="이정후" />
		<property name="age" value="27" />
		<property name="position">
			<list>
				<value>1번타자</value>
				<value>중견수</value>
			</list>
		</property>
		<property name="weight" value="79" />
		<property name="height" value="183" />
	</bean>
	
	<bean id="info" class="com.spring.di05.PlayerInfo">
		<constructor-arg>
			<ref bean="player"/>
		</constructor-arg>
	</bean>
	
	
</beans>
