<?xml version="1.0" encoding="UTF-8"?>
<beans xmlns="http://www.springframework.org/schema/beans"
	xmlns:xsi="http://www.w3.org/2001/XMLSchema-instance"
	xsi:schemaLocation="http://www.springframework.org/schema/beans https://www.springframework.org/schema/beans/spring-beans.xsd">
	
	<!-- Root Context: defines shared resources visible to all other web components -->
	
	<!-- 스프링에서 사용할 모든 자원을 설정하는 파일. ==> 대부분은 DB 연결 설정 공간. -->
	
	<!-- 1. DataSource 객체 정보 설정. -->
	<bean id="dataSource" class="org.apache.commons.dbcp2.BasicDataSource">
		<property name="driverClassName" value="oracle.jdbc.driver.OracleDriver" />
		<property name="url" value="jdbc:oracle:thin:@localhost:1521:xe" />
		<property name="username" value="web" />
		<property name="password" value="2580" />
		<property name="initialSize" value="20" />
		<property name="maxTotal" value="20" />
	</bean>
	
	<!-- 2. SqlSessionFactoryBean 클래스 설정 -->
	<bean name="sqlSessionFactory"
						class="org.mybatis.spring.SqlSessionFactoryBean">
		<property name="dataSource" ref="dataSource" />
		<property name="mapperLocations" value="classpath:/mapper/*.xml" />
	</bean>
	
	<!-- 3. sqlSessionTemplate 클래스 설정 -->
	<bean name="sqlSession" class="org.mybatis.spring.SqlSessionTemplate">
		<constructor-arg ref="sqlSessionFactory" />
	</bean>
		
</beans>
